"For a movie that gets no respect there sure are a lot of memorable quotes listed for this gem. Imagine a movie where Joe Piscopo is actually funny! Maureen Stapleton is a scene stealer. The Moroni character is an absolute scream. Watch for Alan ""The Skipper"" Hale jr. as a police Sgt.","एक फिल्म है कि कोई संमान हो जाता है के लिए यकीन है कि इस मणि के लिए सूचीबद्ध यादगार उद्धरण चिह्नों का एक बहुत हैं । एक फिल्म की कल्पना कीजिए जहां जो Piscopo वास्तव में हास्यास्पद है! मॉरीन Stapleton एक दृश्य चोर. मोरोनी चरित्र एक निरपेक्ष चीख है । एक पुलिस सार्जेंट के रूप में एलन ""कप्तान"" हेल जूनियर के लिए देखो ।",9
"Bizarre horror movie filled with famous faces but stolen by Cristina Raines (later of TV's ""Flamingo Road"") as a pretty but somewhat unstable model with a gummy smile who is slated to pay for her attempted suicides by guarding the Gateway to Hell! The scenes with Raines modeling are very well captured, the mood music is perfect, Deborah Raffin is charming as Cristina's pal, but when Raines moves into a creepy Brooklyn Heights brownstone (inhabited by a blind priest on the top floor), things really start cooking. The neighbors, including a fantastically wicked Burgess Meredith and kinky couple Sylvia Miles & Beverly D'Angelo, are a diabolical lot, and Eli Wallach is great fun as a wily police detective. The movie is nearly a cross-pollination of ""Rosemary's Baby"" and ""The Exorcist""--but what a combination! Based on the best-seller by Jeffrey Konvitz, ""The Sentinel"" is entertainingly spooky, full of shocks brought off well by director Michael Winner, who mounts a thoughtfully downbeat ending with skill. ***1/2 from ****","प्रसिद्ध चेहरे के साथ भरा विचित्र हॉरर फिल्म लेकिन क्रिस्टीना वर्षा द्वारा चोरी (टीवी के ""राजहंस रोड"" के बाद) एक चिपचिपा मुस्कान के साथ एक सुंदर लेकिन कुछ अस्थिर मॉडल के रूप में जो नरक के लिए गेटवे की रखवाली द्वारा उसके प्रयास की आत्महत्या के लिए भुगतान करने के लिए निर्धारित है! बारिश मॉडलिंग के साथ परदे पर बहुत अच्छी तरह से कब्जा कर रहे हैं, मूड संगीत परिपूर्ण है, दबोरा Raffin है क्रिस्टीना पाल के रूप में आकर्षक है, लेकिन जब एक डरावना ब्रुकलिन हाइट्स brownstone में बारिश चालें (शीर्ष मंजिल पर एक अंधा पुजारी का निवास), बातें सच में खाना पकाने शुरू . एक शानदार दुष्ट बर्गेस मेरेडिथ और गांठदार जोड़ी सिल्विया मील & बेवर्ली D'Angelo सहित पड़ोसियों, एक शैतानी बहुत हैं, और एली Wallach एक चतुर पुलिस जासूस के रूप में बहुत मज़ा है । फिल्म के लगभग एक पार है ""है दौनी बेबी"" और ""ओझा""-परागण-लेकिन क्या एक संयोजन! Jeffrey Konvitz द्वारा सर्वश्रेष्ठ विक्रेता के आधार पर, ""प्रहरी"" मनोरंजक डरावना है, झटके से भरा निर्देशक माइकल विजेता, जो एक सोच समझकर कौशल के साथ समाप्त downbeat माउंट द्वारा अच्छी तरह से लाया । 1/2 से * * * *",8
"A solid, if unremarkable film. Matthau, as Einstein, was wonderful. My favorite part, and the only thing that would make me go out of my way to see this again, was the wonderful scene with the physicists playing badmitton, I loved the sweaters and the conversation while they waited for Robbins to retrieve the birdie.","एक ठोस, अगर असाधारण फिल्म । Matthau, आइंस्टीन के रूप में, अद्भुत था । मेरा पसंदीदा हिस्सा है, और केवल एक चीज है कि मुझे मेरे रास्ते से बाहर जाने के लिए यह फिर से देखना होगा, badmitton खेल भौतिक विज्ञानियों के साथ अद्भुत दृश्य था, मैं स्वेटर और वार्तालाप प्यार करता था, जबकि वे रॉबिंस के लिए इंतजार के लिए पक्षी पुनः प्राप्त ।",7
"It's a strange feeling to sit alone in a theater occupied by parents and their rollicking kids. I felt like instead of a movie ticket, I should have been given a NAMBLA membership.<br /><br />Based upon Thomas Rockwell's respected Book, How To Eat Fried Worms starts like any children's story: moving to a new town. The new kid, fifth grader Billy Forrester was once popular, but has to start anew. Making friends is never easy, especially when the only prospect is Poindexter Adam. Or Erica, who at 4 1/2 feet, is a giant.<br /><br />Further complicating things is Joe the bully. His freckled face and sleeveless shirts are daunting. He antagonizes kids with the Death Ring: a Crackerjack ring that is rumored to kill you if you're punched with it. But not immediately. No, the death ring unleashes a poison that kills you in the eight grade.<br /><br />Joe and his axis of evil welcome Billy by smuggling a handful of slimy worms into his thermos. Once discovered, Billy plays it cool, swearing that he eats worms all the time. Then he throws them at Joe's face. Ewww! To win them over, Billy reluctantly bets that he can eat 10 worms. Fried, boiled, marinated in hot sauce, squashed and spread on a peanut butter sandwich. Each meal is dubbed an exotic name like the ""Radioactive Slime Delight,"" in which the kids finally live out their dream of microwaving a living organism.<br /><br />If you've ever met me, you'll know that I have an uncontrollably hearty laugh. I felt like a creep erupting at a toddler whining that his ""dilly dick"" hurts. But Fried Worms is wonderfully disgusting. Like a G-rated Farrelly brothers film, it is both vomitous and delightful.<br /><br />Writer/director Bob Dolman is also a savvy storyteller. To raise the stakes the worms must be consumed by 7 pm. In addition Billy holds a dark secret: he has an ultra-sensitive stomach.<br /><br />Dolman also has a keen sense of perspective. With such accuracy, he draws on children's insecurities and tendency to exaggerate mundane dilemmas.<br /><br />If you were to hyperbolize this movie the way kids do their quandaries, you will see that it is essentially about war. Freedom-fighter and freedom-hater use pubescent boys as pawns in proxy wars, only to learn a valuable lesson in unity. International leaders can learn a thing or two about global peacekeeping from Fried Worms.<br /><br />At the end of the film, I was comforted when two chaperoning mothers behind me, looked at each other with befuddlement and agreed, ""That was a great movie."" Great, now I won't have to register myself in any lawful databases.","यह एक अजीब लग रहा है एक माता पिता और उनके उड़ानेवाला बच्चों के कब्जे में थियेटर में अकेले बैठ रहा है । मैं एक फिल्म के टिकट के बजाय की तरह महसूस किया, मैं एक NAMBLA सदस्यता दिया जाना चाहिए था । < br/> < br/> थॉमस Rockwell के संमान की किताब पर आधारित है, कैसे तला हुआ कीड़े खाने के लिए किसी भी बच्चों की कहानी की तरह शुरू होता है: एक नए शहर में ले जाने । नया बच्चा, पांचवां ग्रेडर बिली Forrester एक बार लोकप्रिय था, लेकिन नए सिरे से शुरू करने के लिए है । दोस्त बनाना आसान नहीं है, खासकर जब केवल संभावना Poindexter एडम है । या एरिका, जो 4 1/2 फीट पर, एक विशाल है । < br/> < br/> आगे उलझी बातें जो बैलों की है. उसकी झाई का चेहरा और बिना आस्तीन का शर्ट कठिन हैं । वह मौत की अंगूठी के साथ बच्चों antagonizes: एक Crackerjack अंगूठी है कि तुंहें मारने के लिए अगर आप इसके साथ छिद्रित कर रहे है अफ़वाह है । लेकिन तुरंत नहीं । नहीं, मौत की अंगूठी एक जहर है कि आप आठ ग्रेड में मारता है दिलाता है । < br/> < br/> जो और बुराई की अपनी धुरी का स्वागत बिली अपने थर्मामीटरों में चिपचिपा कीड़े की एक मुट्ठी की तस्करी से । एक बार की खोज की, बिली यह अच्छा है, कसम खाता है कि वह हर समय कीड़े खाती निभाता है । तो वह उंहें जो चेहरे पर फेंकता है । Ewww! उंहें जीतने पर, बिली अनिच्छा से दांव है कि वह 10 कीड़े खा सकते हैं । तली हुई, उबला हुआ, गर्म सॉस में खटाई, कुचल और एक मूंगफली का मक्खन सैंडविच पर फैल गया । प्रत्येक भोजन ""रेडियोधर्मी कीचड़ खुशी की तरह एक विदेशी नाम करार दिया है,"" जिसमें बच्चों के अंत में एक जीवित जीव microwaving के अपने सपने को बाहर रहते हैं । < br/> < br/> अगर आप कभी मुझसे मिले हैं तो आपको पता चल जाएगा कि मुझे एक बेकाबू दिल हंसी आती है । मैं एक बच्चा रोना है कि उसके ""डिल डिक"" दर्द होता है पर एक रेंगते हुए उभर की तरह महसूस किया । लेकिन तला हुआ कीड़ों अद्भुत घृणित है । एक जी रेटेड Farrelly ब्रदर्स फिल्म की तरह, यह दोनों उल्टी और रमणीय है । < br/> < br/> लेखक/निर्देशक बॉब Dolman भी एक प्रेमी कथाकार हैं. दांव बढ़ाने के लिए 7 बजे तक कीड़े का सेवन करना होगा । इसके अलावा बिली एक अंधेरे रहस्य रखती है: वह एक अति संवेदनशील पेट है । < br/> < br/> Dolman के नजरिए की भी गहरी समझ है । ऐसी सटीकता के साथ, वह बच्चों की असुरक्षा और सांसारिक दुविधाओं अतिशयोक्ति की प्रवृत्ति पर छोड़ता है । < br/> < br/> अगर आप इस फिल्म को hyperbolize करने वाले थे जिस तरह से बच्चे उनके quandaries करते हैं, तो आप देखेंगे कि यह युद्ध के बारे में अनिवार्य रूप से है । स्वतंत्रता सेनानी और स्वतंत्रता-hater प्रॉक्सी युद्धों में मोहरे के रूप में रोमिल लड़कों का उपयोग करें, केवल एकता में एक मूल्यवान सबक सीखने के लिए । अंतरराष्ट्रीय नेताओं को एक बात या दो तला हुआ कीड़े से ग्लोबल शांति के बारे में सीख सकते हैं । < br/> < br/> फिल्म के अंत में मुझे शान्ति मिली जब मेरे पीछे दो chaperoning मां, befuddlement के साथ एक दूसरे को देखा और सहमत हुए, ""यह एक बेहतरीन फिल्म थी । महान है, अब मैं अपने आप को किसी भी वैध डेटाबेस में रजिस्टर नहीं होगा ।",8
"You probably all already know this by now, but 5 additional episodes never aired can be viewed on ABC.com I've watched a lot of television over the years and this is possibly my favorite show, ever. It's a crime that this beautifully written and acted show was canceled. The actors that played Laura, Whit, Carlos, Mae, Damian, Anya and omg, Steven Caseman - are all incredible and so natural in those roles. Even the kids are great. Wonderful show. So sad that it's gone. Of course I wonder about the reasons it was canceled. There is no way I'll let myself believe that Ms. Moynahan's pregnancy had anything to do with it. It was in the perfect time slot in this market. I've watched all the episodes again on ABC.com - I hope they all come out on DVD some day. Thanks for reading.","तुम शायद सब पहले से ही अब तक यह पता है, लेकिन 5 अतिरिक्त एपिसोड प्रसारित कभी ABC.com मैं वर्षों में टीवी का एक बहुत कुछ देखा है और यह संभवतः मेरा पसंदीदा शो है, कभी पर देखा जा सकता है । यह एक अपराध है कि इस खूबसूरती से लिखा और अभिनय शो रद्द कर दिया गया है । अभिनेताओं कि लौरा, कण, कार्लोस, मॅई, Damian, Anya और omg, स्टीवन Caseman खेला-सभी अविश्वसनीय है और उन भूमिकाओं में बहुत स्वाभाविक है । यहां तक कि बच्चों को महान हैं । अद्भुत शो । इतना दुख है कि यह चला गया है । बेशक मैं कारणों से यह रद्द कर दिया गया था के बारे में पता नहीं । कोई रास्ता नहीं है मैं अपने आप को विश्वास है कि सुश्री Moynahan गर्भावस्था कुछ भी इसके साथ क्या करना था हूं । यह इस बाजार में सही समय स्लॉट में था । मैं सभी एपिसोड ABC.com पर फिर से देखा है-मुझे आशा है कि वे सब कुछ दिन डीवीडी पर बाहर आ जाओ । पढ़ने के लिए धंयवाद ।",10
"I saw the movie with two grown children. Although it was not as clever as Shrek, I thought it was rather good. In a movie theatre surrounded by children who were on spring break, there was not a sound so I know the children all liked it. There parents also seemed engaged. The death and apparent death of characters brought about the appropriate gasps and comments. Hopefully people realize this movie was made for kids. As such, it was successful although I liked it too. Personally I liked the Scrat!!","मैंने दो बड़े बच्चों के साथ फिल्म देखी. हालांकि यह Shrek के रूप में के रूप में चालाक नहीं था, मैंने सोचा कि यह बल्कि अच्छा था । एक फिल्म थिएटर में बच्चों से घिरे जो स्प्रिंग ब्रेक पर थे, वहां एक आवाज नहीं थी तो मुझे पता है बच्चों को यह सब पसंद आया. वहाँ माता-पिता भी लगे हुए लग रहे थे. अक्षर की मौत और स्पष्ट मौत उचित हांफना और टिप्पणियों के बारे में लाया । उंमीद है कि लोगों को इस फिल्म का एहसास बच्चों के लिए बनाया गया था । जैसे, यह सफल हालांकि मुझे यह भी पसंद था । व्यक्तिगत रूप से मैं Scrat पसंद आया!",8
"You're using the IMDb.<br /><br />You've given some hefty votes to some of your favourite films.<br /><br />It's something you enjoy doing.<br /><br />And it's all because of this. Fifty seconds. One world ends, another begins.<br /><br />How can it not be given a ten? I wonder at those who give this a seven or an eight... exactly how could THE FIRST FILM EVER MADE be better? For the record, the long, still opening shot is great showmanship, a superb innovation, perfectly suited to the situation. And the dog on the bike is a lovely touch. All this within fifty seconds.<br /><br />The word genius is often overused.<br /><br />THIS is genius.","आप IMDb का उपयोग कर रहे हैं । < br/> < br/> आपने अपनी कुछ मनपसंद फिल्मों को कुछ मोटे वोट दिए हैं. < br/> < br/> यह कुछ तुम कर मज़ा है । < br/> < br/> और यह सब इस वजह से है । ५० सेकंड । एक दुनिया समाप्त होती है, एक और शुरू होता है । < br/> < br/> इसे दस कैसे नहीं दिया जा सकता? मैं जो इस एक सात या एक आठ... वास्तव में पहली फिल्म कभी बनाया बेहतर कैसे हो सकता है पर आश्चर्य है? रिकॉर्ड के लिए, लंबे, अभी भी खोलने शॉट महान दिखानेवाले, एक शानदार नवाचार, पूरी तरह से स्थिति के लिए अनुकूल है । और बाइक पर कुत्ता एक प्यारा स्पर्श है । यह सब ५० सेकंड के भीतर । < br/> < br/> शब्द प्रतिभाशाली अक्सर उपयोग किया जाता है । < br/> < br/> यह जीनियस है ।",10
"This was a good film with a powerful message of love and redemption. I loved the transformation of the brother and the repercussions of the horrible disease on the family. Well-acted and well-directed. If there were any flaws, I'd have to say that the story showed the typical suburban family and their difficulties again. What about all people of all cultural backgrounds? I would love to see a movie where all of these cultures are shown - like in real life. Nevertheless, the film soared in terms of its values and its understanding of the how a disease can bring someone closer to his or her maker. Loved the film and it brought tears to my eyes","यह प्यार और मोचन के एक शक्तिशाली संदेश के साथ एक अच्छी फिल्म थी । मैं भाई और परिवार पर भयानक बीमारी के नतीजों के परिवर्तन प्यार करता था । अच्छी तरह से काम किया और अच्छी तरह से निर्देश दिया । अगर कोई खामियों थे, मैं कहना चाहूंगा कि कहानी ठेठ उपनगरीय परिवार और उनकी कठिनाइयों को फिर से दिखाया । क्या सभी सांस्कृतिक पृष्ठभूमि के सभी लोगों के बारे में? मैं जहां इन संस्कृतियों के सभी दिखाया-वास्तविक जीवन में की तरह है एक फिल्म देखने के लिए प्यार होता । फिर भी, फिल्म अपने मूल्यों और कैसे एक बीमारी किसी को अपने या अपने निर्माता के करीब ला सकता है की अपनी समझ के संदर्भ में बढ़ गई । फिल्म प्यार करता था और यह मेरी आंखों में आंसू ले आया",10
"Made after QUARTET was, TRIO continued the quality of the earlier film versions of the short stories by Maugham. Here the three stories are THE VERGER, MR. KNOW-IT-ALL, and SANITORIUM. The first two are comic (THE VERGER is like a prolonged joke, but one with a good pay-off), and the last more serious (as health issues are involved). Again the author introduces the film and the stories.<br /><br />James Hayter, soon to have his signature role as Samuel Pickwick, is the hero in THE VERGER. He holds this small custodial-type job in a church, but the new Vicar (Michael Hordern) is an intellectual snob. When he hears Hayter has no schooling he fires him. Hayter has saved some money, so he tells his wife (Kathleen Harrison) he fancies buying a small news and tobacco shop. He has a good eye, and his store thrives. Soon he has a whole chain of stores. When his grandchild is christened by Hordern, the latter is amazed to see how prosperous his ex-Verger. The payoff is when bank manager Felix Aylmer meets with Hayter about diversifying his investments. I'll leave it to you to hear the unintentional but ironic coda of the meeting.<br /><br />According to Maugham he met a man like Max Kelada (Nigel Patrick) on a cruise. In MR. KNOW-IT-ALL Kelada is a splashy, friendly, and slightly overbearing type from the Middle East who is on a business trip (regarding jewelry) by steamship. His state-room mate is Mr. Grey (the ever quiet and proper Wilfred Hyde-White) who is somewhat, silently disapproving of Max. Max likes to enliven things, and soon is heavily involved in the ship's entertainment. At this point the story actually resembles part of the plot of the non-Maugham story and film CHINA SEAS (1935), as Max makes a bet that he can tell a real piece of jewelry from a fake (after insisting that a piece of jewelry he spotted is real). I won't describe the way Max rises to the occasion.<br /><br />SANITORIUM is the longest segment. Roland Culver plays ""Ashenden"" (the fictional alter-ego of Maugham - a writer and one time spy as in Hitchcock's THE SECRET AGENT). Here he has to use a sanitorium for a couple of months for his health. He finds a remarkable crew of people, including Jean Simmons as a frail but beautiful young woman, Finlay Currie as an irascible Scotsman, John Laurie as a second irascible Scotsman who is ""at war"" with Currie, Raymond Huntley as a quiet patient who only shows his internal anger at his situation when his wife shows up, and Michael Rennie as a young man who has a serious life threatening illness. Culver watches as three stories among these characters play out to their conclusions. The last, dealing with Simmons and Rennie, is ironic but deeply moving.<br /><br />It was a dandy follow-up to the earlier QUARTET, and well worth watching.","चौकड़ी के बाद किया गया था, तिकड़ी Maugham द्वारा लघु कहानियों के पहले फिल्म संस्करणों की गुणवत्ता जारी रखा । यहां तीन कथाएं है VERGER, श्री पता है, यह सब, और सैनिटोरियम । पहले दो हास्य है (VERGER एक लंबे समय तक मजाक की तरह है, लेकिन एक अच्छा वेतन के साथ एक से), और पिछले अधिक गंभीर (स्वास्थ्य के मुद्दों के रूप में शामिल हैं) । फिर से लेखक फिल्म और कहानियों का परिचय । < br/> < br/> जेंस हयतर, जल्द ही शमूएल Pickwick के रूप में अपने हस्ताक्षर भूमिका है, VERGER में नायक है । वह एक चर्च में इस छोटे हिरासत-प्रकार नौकरी रखती है, लेकिन नए पादरी (माइकल Hordern) एक बौद्धिक मोची का काम है । जब वह सुनता है हयतर कोई स्कूली शिक्षा वह उसे आग है । हयतर कुछ पैसे बचा लिया है, तो वह अपनी पत्नी को बताता है (कैथलीन हैरिसन) वह एक छोटी सी खबर और तंबाकू की दुकान खरीदने के शौक़ीन । वह अच्छी नजर आती है, और उसकी दुकान पनपती है । जल्दी ही वह दुकानों की एक पूरी श्रृंखला है । जब अपने पोते Hordern द्वारा नामकरण किया जाता है, बाद में देखने के लिए कैसे समृद्ध अपने पूर्व Verger चकित है । अदायगी है जब बैंक प्रबंधक फेलिक्स Aylmer अपने निवेश में विविधता लाने के बारे में हयतर के साथ मिलता है । मैं इसे आप के लिए छोड़ देता हूं की अनैच्छिक लेकिन विडंबना कोडा बैठक की सुनवाई । < br/> < br/> Maugham के अनुसार वह एक क्रूज पर मैक्स Kelada (निगेल पैट्रिक) की तरह एक आदमी से मुलाकात की । में श्री पता है, यह सब Kelada एक छप, दोस्ताना, और मध्य पूर्व जो एक व्यापार यात्रा (गहने के बारे में) पर है से थोड़ा दबंग प्रकार भाप से भरा है । अपने राज्य के कमरे मेट श्री ग्रे है (कभी शांत और उचित Wilfred हाइड-व्हाइट) जो कुछ है, चुपचाप अधिकतम के अनुमोदन । मैक्स चीजों को सजीव पसंद करता है, और जल्द ही भारी जहाज के मनोरंजन में शामिल है । इस बिंदु पर कहानी वास्तव में गैर Maugham कहानी और फिल्म चीन सागरों (१९३५) की साजिश का हिस्सा जैसा दिखता है, मैक्स के रूप में एक शर्त है कि वह एक नकली से गहने का असली टुकड़ा बता सकते है बनाता है (जोर देकर कहा कि गहने का एक टुकड़ा उसने देखा असली है) । मैं जिस तरह से अधिकतम उगता अवसर का वर्णन नहीं होगा । < br/> < br/> सैनिटोरियम सबसे लंबा सेगमेंट है । रोलाण्ड Culver नाटकों ""Ashenden"" (काल्पनिक बदल-Maugham के अहंकार-एक लेखक और हिचकॉक के सीक्रेट एजेंट के रूप में एक समय जासूस) । यहां वह अपने स्वास्थ्य के लिए एक दो महीने के लिए एक सैनिटोरियम का उपयोग किया है । वह एक कमजोर लेकिन खूबसूरत जवान औरत के रूप में जीन सिमंस सहित लोगों के एक उल्लेखनीय चालक दल पाता है, एक दूसरे पर काबिज Scotsman जो क्यूरी, रेमंड एक शांत रोगी के रूप में Huntley के साथ ""युद्ध में"" है के रूप में जॉन लॉरी के रूप में फिनले क्यूरी केवल दिखाता है अपने उसकी स्थिति पर आंतरिक क्रोध जब उसकी पत्नी को पता चलता है, और माइकल रेनी एक जवान आदमी है जो एक गंभीर बीमारी की धमकी जीवन है के रूप में । Culver इन पात्रों के बीच तीन कहानियों के रूप में देखता है उनके निष्कर्ष के लिए बाहर खेलते हैं । पिछले, सिमंस और रेनी से निपटने, विडंबना है लेकिन गहराई से बढ़ रहा है । < br/> < br/> यह एक बांका अनुवर्ती पहले चौकड़ी को था, और अच्छी तरह से देखने लायक ।",10
"For a mature man, to admit that he shed a tear over this film is a mature response, to a mature film.<br /><br />If one need admit more then perhaps one could say that, ""Life"" can never be the same, after viewing such advent for it has moved us to the next level.<br /><br />","एक परिपक्व आदमी के लिए, स्वीकार करते है कि वह इस फिल्म पर एक आंसू बहाने एक परिपक्व प्रतिक्रिया है, एक परिपक्व फिल्म के लिए । < br/> < br/> अगर एक की जरूरत है और अधिक स्वीकार करते है तो शायद एक कह सकते है कि, ""जीवन"" कभी नहीं हो सकता है, ऐसे आगमन को देखने के बाद यह हमें अगले स्तर तक ले जाया गया है । < br/> < br/>",10
"Aileen Gonsalves, my girlfriend, is in this film playing a secretary at the main character's bank. She has a lovely scene with Roshan Seth in a restaurant. There's more information on her website at >Having stated my personal interest in the film, I have to say that I think it is a beautiful movie - moving, funny and beautifully filmed.","Aileen गोंजाल्वेज, मेरी प्रेमिका, इस फिल्म में मुख्य चरित्र के बैंक में एक सचिव खेल रहा है । वह एक रेस्तरां में रोशन सेठ के साथ एक सुंदर दृश्य है । वहां पर उसकी वेबसाइट पर अधिक जानकारी है > होने फिल्म में मेरी निजी रुचि कहा, मैं कहना है कि मुझे लगता है कि यह एक सुंदर फिल्म है-चलती, मजाकिया और खूबसूरती से फिल्माया है ।",10
"Jonathan Demme's directorial debut for Roger Corman's legendary exploitation outfit New World Pictures rates highly as one of the finest chicks-in-chains 70's grindhouse classics to ever grace celluloid. Beauteous Russ Meyer starlet Eric (""Vixen,"" ""Beyond the Valley of the Dolls"") Gavin gives a robust, winning performance as a brassy, resilient new fish who does her best to persevere in a grimy, hellish penitentiary. The always fabulous Barbara Steele offers a deliciously wicked portrayal as the mean, crippled, sexually frustrated warden (her erotic dream about doing a slow, steamy striptease in front of the lady inmates is a real dilly). Longtime favorite 70's B-movie actress Roberta (""The Arousers,"" ""Unholy Rollers"") Collins delivers a hilariously raunchy and endearing turn as a cheerfully forward, foul-mouthed kleptomaniac felon who tells a gut-busting dirty joke about Pinnochio. Lynda Gold (a.k.a. Crystin Sinclaire of Tobe Hooper's ""Eaten Alive"" and Curtis Harrington's ""Ruby"") makes her lively film debut as uninhibited wildcat Crazy Alice. And the ever-cuddly Cheryl ""Rainbeaux"" Smith does a lovely, touching reprise of her fragile frightened innocent role from ""Lemora: A Child's Tale of the Supernatural."" <br /><br />Although this picture does deliver the expected ample amount of coarse language, nudity, rape and violence, it's still by no means a typically crass and sexist piece of lurid mindless filth; the movie very effectively explores the many ways in which men cruelly exploit women and strongly asserts the pro-feminist notion that women can overcome any obstacles if they band together into a group so they can bravely face their misogynistic oppressors as one mighty fighting force. Demme's zesty, confidant direction comes through with a glorious abundance of astutely observed incidental details and delightful moments of engagingly quirky human behavior. Furthermore, both Tak Fujimoto's vibrant cinematography and John Cale's marvelously dolorous oddball blues score are 100% on the money excellent. Patrick Wright (Sheriff Mack in the uproariously awful cheap-rubber-monster-suit creature feature howler ""Track of the Moonbeast"") has a sidesplitting bit as a jerky cop who has his car stolen by a trio of prison escapees when he stops at a gas station to use the bathroom. Lively, rousing and immensely enjoyable, ""Caged Heat"" qualifies as absolutely essential viewing for 70's drive-in movie fans.","रोजर है Corman महान शोषण संगठन के लिए जोनाथन है Demme निर्देशक पहली फिल्म नई दुनिया तस्वीरें उच्च बेहतरीन लड़कियों में से एक के रूप में दर-जंजीरों में है 70 grindhouse क्लासिक्स कभी अनुग्रह सेल्यूलाइड के लिए । अलबेला Russ मेयेर हीरोइनें एरिक (""लोमडी"", """" गुड़िया की घाटी से परे "") गेविन देता है एक मजबूत, एक पीतल, लचीला नई मछली जो उसे सबसे अच्छा करता है एक गंभीर, नारकीय penitentiary में दृढ़ता के रूप में जीतने के प्रदर्शन । हमेशा शानदार बारबरा स्टील का मतलब है, अपंग, यौन कुंठित वार्डन (महिला कैदियों के सामने एक धीमी, भाप से भरा स्ट्रिपटीज़ कर के बारे में उसे कामुक सपना एक असली डिल है) के रूप में एक स्वादिष्ट दुष्ट चित्रण प्रदान करता है । लंबे पसंदीदा है 70 बी फिल्म अभिनेत्री रोबर्टा (""उत्तेजित करनेवाला,"" ""अपवित्र रोलर्स"") कोलिंस एक हंसमुख आगे, बेईमानी से मुंह kleptomaniac अपराधी जो कहता है एक पेट-Pinnochio के बारे में गंदा मजाक ख़त्म के रूप में एक उल्लसित घटिया और प्यारी बारी बचाता है । Lynda गोल्ड (उर्फ Crystin Sinclaire के टोबे है हुप्स ""जिंदा खाया"" और कर्टिस है Harrington ""रूबी"") है उसे जीवंत अनधिकृत पागल ऐलिस के रूप में पहली फिल्म की शुरुआत । और कभी-आलिंगन चेरिल ""Rainbeaux स्मिथ"" एक सुंदर है, उसे नाजुक भयावह निर्दोष भूमिका के छू reprise ""से Lemora: अलौकिक की एक बच्चे की कहानी."" < br/> < br/> यद्यपि यह चित्र मोटे भाषा की अपेक्षित पर्याप्त मात्रा प्रदान करता है, नग्नता, बलात्कार और हिंसा, यह अभी तक नहीं है एक आम तौर पर मूर्ख और अन्धकारमय थमने गंदगी के नस्लभेदी टुकड़ा का मतलब है; फिल्म बहुत प्रभावी ढंग से कई मायनों में पुरुषों क्रूर महिलाओं का शोषण और दृढ़ता से समर्थक नारीवादी धारणा है कि महिलाओं को किसी भी बाधाओं को दूर अगर वे एक समूह में एक साथ बैंड तो वे बहादुरी से एक के रूप में अपने misogynistic सवर्णों का सामना कर सकते है दावा करता है की पड़ताल ताकतवर लड़ बल । Demme की उत्तेजक, विश्वासपात्र दिशा के माध्यम से आता है चतुरता से मनाया घटना का विवरण और आकर्षक विचित्र मानव व्यवहार के रमणीय क्षणों की एक शानदार बहुतायत के साथ । इसके अलावा, दोनों आजतक Fujimoto के जीवंत छायांकन और जॉन चीखने की marvelously dolorous oddball उदास स्कोर उत्कृष्ट पैसे पर १००% कर रहे हैं । पैट्रिक राइट (शेरिफ uproariously भयानक सस्ते में-रबड़-दानव-सूट प्राणी सुविधा चीख़ना Moonbeast के ""ट्रैक"") एक sidesplitting सा है जो अपनी कार जेल से बच के एक तिकड़ी के द्वारा चोरी की है जब वह एक गैस स्टेशन पर बंद हो जाता है का उपयोग करने के लिए बाथरूम. जीवंत, गर्मजोशी और बेहद सुखद, ""बंदी गर्मी"" 70 की ड्राइव के लिए बिल्कुल आवश्यक देखने के रूप में उत्तीर्ण फिल्म प्रशंसकों में ।",10
"When I rented this movie to watch it, I knew that it was not going to be a mindbender movie. Instead I thought of it as a disbelief of reality where someone is going to get a serious beating. And you know what it worked. Kurt Russel did what I though was a remarkable role in showing the emotionless soldier that he was. I recommend this movie if your out with the boys and want to watch a good action film.","जब मैं यह देखने के लिए इस फिल्म किराए पर, मैं जानता था कि यह एक mindbender फिल्म नहीं होने जा रहा था । इसके बजाय मैं वास्तविकता का एक अविश्वास के रूप में इसे के बारे में सोचा, जहां किसी को एक गंभीर पिटाई हो रही है । और तुम जानते हो कि यह क्या काम किया । कर्ट रसेल क्या मैं हालांकि जज्बाती सिपाही है कि वह था दिखाने में एक उल्लेखनीय भूमिका थी । मैं इस फिल्म की सिफारिश अगर अपने लड़कों के साथ बाहर और एक अच्छी कार्रवाई फिल्म देखना चाहता हूं ।",10
"It's hard to say sometimes why exactly a film is so effective. From the moment I first came across ""The Stone Boy"", something told me it would be a great film. In spite of that, it seemed very unlikely that I'd ever have the opportunity to actually see it for myself. Then, one day, while looking through the online catalogue of my local library, I saw that they had recently purchased the DVD release of this film. Which I'm extremely glad for, because the cinematography is of a stunning depth and quality that an old VHS copy could never replicate.<br /><br />And speaking of the cinematography, I must single it out as far and above the most stunning aspect of this film. As a photographer who pursues very nearly the exact visual style portrayed in ""The Stone Boy"", I'm a firm believer in the fact that a great cinematographer can almost single-handedly carry a film. Here, he has a lot of help from an extremely talented cast, and a director who understands perfectly what the story needs. But to have Juan Ruiz Anchía behind the camera makes virtually every scene something of beauty. And you can almost never say that. Most films would never even expect such a thing of you. Scene after scene captures some detail, some little bit of visual magic that takes your breath away.<br /><br />The director, Christopher Cain, has had a long and interesting career. As far as I can gather, this film is not very representative of it. But, sometimes, to catch a director near the beginnings of his career, before all the big budgets and loss of focus, there's a real subtle magic to be found. Cain steps back in this film, lets things happen with a life of their own, and then ever further. Much like early John Sayles films, characters are given space to breathe, time to talk. Side stories happen because they do, and that's how life is. Cain displays a remarkable, raw, even outright painful understanding of human nature in this film.<br /><br />The acting ties much of this story together. When people talk, when they exist in this film, they do so as actual people, not held back by the fact that they are playing characters. Gina Berriault's script allows immensely talented and respected actors like Wilford Brimley, Robert Duvall, Glenn Close, and Frederic Forrest to spend time simply existing. Whether the things they have to say are minor or of deep significance, it all comes down with the weight of pure reality.<br /><br />When you look at the actors involved, or the great soundtrack by James Horner, it seems strange that such a film be very nearly forgotten. Maybe much of what makes ""The Stone Boy"" what it is was the time period it was made in. There's this 1970s hangover feeling to this picture that reminds me deeply of my own childhood. People talk of the 80s in terms of modern styles and music, but that's not the 80s I lived in or remember. The look of the images, the understated and dark knowing quality of the acting, and the overall result should get under the skin of any person who grew up in or near this era of time in North America. I see myself in this. I see how I saw the world. And a film like ""The Stone Boy"" sees the world for how it truly is.<br /><br />For more of this feeling, please see:<br /><br />The Black Stallion (1979), Never Cry Wolf (1983), Tender Mercies (1983), Testament (1983), Places in the Heart (1984), Matewan (1987), High Tide (1987), Driving Miss Daisy (1989), The Secret Garden (1993), The Secret of Roan Inish (1994), Wendy and Lucy (2008)","यह कहना मुश्किल है कि कभी-कभार ही कोई फिल्म इतनी असरदार क्यों होती है. पल से मैं पहली बार ""पत्थर लड़का"" भर में आया था, कुछ ने मुझे बताया कि यह एक महान फिल्म होगी । इसके बावजूद, यह बहुत संभावना नहीं लग रहा था कि मैं कभी के लिए वास्तव में अपने आप को देखने का अवसर होगा । फिर, एक दिन, जबकि मेरे स्थानीय पुस्तकालय की ऑनलाइन सूची के माध्यम से देख, मैंने देखा है कि वे हाल ही में इस फिल्म की डीवीडी रिलीज खरीदा था । जो मैं के लिए बहुत खुश हूं, क्योंकि छायांकन एक आश्चर्यजनक गहराई और गुणवत्ता की है कि एक पुराने वीएचएस नकल कभी नहीं दोहराने सकता है । < br/> < br/> और सिने के बोल, मैं इसे एक के रूप में दूर और इस फिल्म के सबसे आश्चर्यजनक पहलू से ऊपर चाहिए । एक फोटोग्राफर के रूप में, जो बहुत लगभग सटीक दृश्य ""में स्टोन ब्वॉय"" चित्रित शैली का पीछा करते हुए, I ' ma तथ्य यह है कि एक महान छायाकार लगभग एकल कर सकते है में एक फर्म आस्तिक-हाथ एक फिल्म ले । यहां, वह एक बहुत प्रतिभाशाली कलाकारों से मदद की एक बहुत कुछ है, और एक निर्देशक जो पूरी तरह समझता है जो कहानी की जरूरत है । लेकिन कैमरे के पीछे जुआन Ruiz Anchía है वस्तुतः सुंदरता के हर दृश्य कुछ करता है । और तुम लगभग कभी नहीं कह सकते कि । ज्यादातर फिल्मों में भी आप की ऐसी बात की उम्मीद कभी नहीं होती. दृश्य कुछ विस्तार के बाद दृश्य कब्जा, दृश्य जादू का कुछ थोड़ा है कि अपनी सांस लेता है दूर । < br/> < br/> डायरेक्टर, क्रिस्टोफर कैन ने एक लंबा और दिलचस्प करियर अपना लिया है । जहां तक मैं इकट्ठा कर सकता हूं, यह फिल्म इसका बहुत प्रतिनिधि नहीं है. लेकिन, कई बार, अपने कैरियर की शुरुआत के पास एक निर्देशक को पकड़ने के लिए, सभी बड़े बजट और ध्यान के नुकसान से पहले, वहां एक असली सूक्ष्म जादू है पाया जा सकता है । इस फिल्म में कैन कदम पीछे, देता है चीजें अपने स्वयं के जीवन के साथ होता है, और फिर कभी आगे । बहुत जल्दी जॉन Sayles फिल्मों की तरह, अक्षर स्थान पर सांस लेने के लिए, बात करने के लिए समय दिया जाता है । पक्ष कथाएं क्योंकि वे करते हैं, और है कि कैसे जीवन है । कैन एक उल्लेखनीय, रॉ, यहां तक कि इस फिल्म में मानव स्वभाव के एकमुश्त दर्दनाक समझ प्रदर्शित करता है । < br/> < br/> इस कहानी का अभिनय ज्यादा एक साथ करते हैं. जब लोग बात करते हैं, जब वे इस फिल्म में मौजूद हैं, वे तो वास्तविक लोगों के रूप में करते हैं, वापस तथ्य यह है कि वे अक्षर खेल रहे है द्वारा आयोजित नहीं है । जीना है Berriault स्क्रिप्ट बेहद प्रतिभाशाली और Wilford Brimley, रॉबर्ट Duvall, ग्लेन बंद की तरह संमानित अभिनेताओं की अनुमति देता है, और Frederic के लिए बस मौजूदा समय बिताना । चाहे वो जो बातें कहें वो मामूली हो या गहरे महत्व की, यह सब शुद्ध वास्तविकता के वजन के साथ नीचे आता है । < br/> < br/> जब आप शामिल अभिनेताओं को देखो, या जेंस Horner द्वारा महान साउंडट्रैक, यह अजीब लगता है कि इस तरह की एक फिल्म बहुत लगभग भूल सकता है । शायद ज्यादा क्या करता है ""पत्थर लड़का"" यह क्या है समय अवधि में बनाया गया था । वहां इस तस्वीर है कि मुझे अपने बचपन की गहराई से याद दिलाता है इस 1970 के दशक हैंगओवर लग रहा है । लोगों को आधुनिक शैलियों और संगीत के मामले में 80 के दशक की बात है, लेकिन है कि 80 मैं में रहते थे या याद नहीं है । चित्र, ख़ामोश और अंधेरे अभिनय की गुणवत्ता को जानने के देखो, और समग्र परिणाम किसी भी व्यक्ति जो उत्तर अमेरिका में या समय के इस युग के पास पले की त्वचा के नीचे मिलना चाहिए । मैं इस में खुद को देखता हूं । मैं देख रहा हूं कि मैं कैसे दुनिया को देखा । और ' द स्टोन बॉय ' जैसी फिल्म के लिए दुनिया को देखता है कि यह कैसे सही मायने में है । < br/> < br/> इस भावना के अधिक के लिए, कृपया देखें: < br/> < br/> काले घोड़े (१९७९), कभी रोना भेड़िया (१९८३), निविदा दया (१९८३), वसीयतनामा (१९८३), दिल में स्थान (१९८४), Matewan (१९८७) , हाई टाइड (१९८७), ड्राइविंग मिस डेज़ी (१९८९), सीक्रेट गार्डन (१९९३), रोआँ िनिष (१९९४), वेंडी और लुसी (२००८) के सीक्रेट",10
"Yes, this gets the full ten stars. It's plain as day that this fill is genius. The universe sent Trent Harris a young, wonderfully strange man one day and Harris caught him on tape, in all that true misfit glory that you just can't fake. Too bad it ended in tragedy for the young man, if only an alternate ending could be written for that fellow's story. The other two steps in the trilogy do retell the story, with Sean Penn and Crispin Glover in the roles of the young men, respectively. The world is expanded upon and the strangeness is contextualized by the retelling, giving us a broader glimpse into growing up weird in vanilla America. Recommended for anyone and everyone!","हां, यह पूरा दस सितारों हो जाता है । यह दिन के रूप में सादे है कि इस भरण प्रतिभाशाली है । ब्रह्मांड ट्रेंट हैरिस एक युवा, अद्भुत अजीब आदमी एक दिन भेजा है और हैरिस उसे टेप पर पकड़ लिया, सब सच है कि मिसफिट महिमा है कि तुम सिर्फ नकली नहीं कर सकते में । बहुत बुरा यह युवक के लिए त्रासदी में खत्म हो गया, अगर केवल एक वैकल्पिक समाप्त है कि साथी की कहानी के लिए लिखा जा सकता है । त्रयी में अन्य दो कदम कहानी को फिर से सुनाते हैं, जिनमें क्रमशः युवकों की भूमिकाओं में शॉन पेन और Crispin ग्लोवर हैं. दुनिया पर और अजीब का विस्तार है फिर से बताना द्वारा संदर्भित है, हमें वेनिला अमेरिका में बढ़ रही अजीब में एक व्यापक झलक दे रही है । किसी और हर किसी के लिए सिफारिश की!",10
Hello. This movie is.......well.......okay. Just kidding! ITS AWESOME! It's NOT a Block Buster smash hit. It's not meant to be. But its a big hit in my world. And my sisters. We are rockin' Rollers. GO RAMONES!!!! This is a great movie.............. For ME!,नमस्कार. यह फिल्म है....... well....... ठीक है । मज़ाक़ था! अपनी भयानक! यह एक ब्लॉक बस्टर लूट मारा नहीं है । इसका मतलब यह नहीं है । लेकिन यह मेरी दुनिया में एक बड़ी हिट है । और मेरी बहनें हैं । हम rockin' रोलर्स हैं । रेमन जाओ!!!! यह एक बेहतरीन फिल्म है.............. मेरे लिए!,10
"This is a film that was very well done. I had heard mixed reviews while it was in production and have been waiting for its release! Cheers to the director and all the actors. The supporting cast gave Eva Mendez what she needed to take this to the top. As everyone else here states, the latter portion of the film is riveting. Katie Cassidy did an amazing job with her character, being she had not done a lot of work when this film was made. She has quite the career ahead of her. I was amazed at her performance. I completely enjoyed the film, questioned my values in life and priorities, and am a better person for it! A great message lies within the film. Release it so all can enjoy!","यह एक फिल्म है जो बहुत अच्छी तरह से किया गया था । मैं मिश्रित समीक्षाएं सुना था, जबकि यह उत्पादन में था और अपनी रिहाई के लिए इंतज़ार कर रहा है! निर्देशक और सभी अभिनेताओं के लिए चियर्स । समर्थन डाली ईवा मेंडेज़ क्या वह शीर्ष करने के लिए इस लेने की जरूरत दी । हर किसी के रूप में यहां राज्यों, फिल्म के उत्तरार्द्ध भाग riveting है । केटी कासिडी उसके चरित्र के साथ एक अद्भुत काम किया, जा रहा है वह बहुत काम नहीं किया था जब इस फिल्म बनाया गया था । वह काफी उसके आगे कैरियर है । मैं उसके प्रदर्शन पर चकित था । मैं पूरी तरह से फिल्म का आनंद लिया, जीवन और प्राथमिकताओं में मेरे मूल्यों पर सवाल है, और इसके लिए एक बेहतर व्यक्ति हूं! एक महान संदेश फिल्म के भीतर निहित है । इसे रिलीज तो सब आनंद ले सकते हैं!",10
"A typical romp through Cheech and Chong's reality which includes drugs, singing, more drugs, cars and driving, even more drugs, Pee Wee, aliens, gasoline, laundry, stand up comedy, surprisingly more drugs and SPACE COKE !!. It is not as coherent or plausible as Up in Smoke but it still is incredibly funny, without becoming as strange as Nice Dreams. There are some classic scenes, which include the opening scene where they get some gas for their car and the drive to work. Also funny is Cheech's song (Mexican-Americans) and Chong's follow up song. Another notable scene is the welfare office scene with Jones (human noise machine), from the Police Academy series, and the old laughing man. All in all, this is a great follow up to Up in Smoke and is quite watchable when sober or not.<br /><br />-Celluloid Rehab","चीच और चोंग की वास्तविकता के माध्यम से एक ठेठ कोलाहल करते हुए खेलना, जो ड्रग्स, गायन, अधिक दवाओं, कारों और ड्राइविंग, यहां तक कि अधिक दवाओं, पेशाब करना शामिल है, विदेशियों, गैसोलीन, कपड़े धोने, कॉमेडी खड़े हो जाओ, आश्चर्यजनक रूप से अधिक दवाओं और अंतरिक्ष कोक!!. यह नहीं के रूप में सुसंगत या धुएं में के रूप में प्रशंसनीय है, लेकिन यह अभी भी अविश्वसनीय रूप से हास्यास्पद है, के रूप में बनने के बिना अजीब अच्छा सपने । वहां कुछ क्लासिक दृश्यों, जो उद्घाटन दृश्य जहां वे अपनी कार के लिए कुछ गैस और काम करने के लिए ड्राइव मिल शामिल हैं । इसके अलावा अजीब है चीच गीत (मैक्सिकन-अमेरिकियों) और चोंग गाना ऊपर का पालन है । एक और उल्लेखनीय दृश्य जोंस के साथ कल्याण कार्यालय दृश्य है (मानव शोर मशीन), पुलिस अकादमी श्रृंखला से, और पुराने हंस आदमी । सब सब में, यह एक महान ऊपर का पालन करने के लिए धूंरपान में है और काफी जब शांत या नहीं निगाहों में है । < br/> < br/>-सेल्यूलाइड पुनर्वसन",8
OK heres what I say: <br /><br />The movie was excellent. I am a huge Nancy fan and I have read all 1-56 original books and I went on to read more. I am now on 96. Beware of villains giving this movie a lower grade than it should have. All clues point to a wonderful movie! I loved the whole thing. So what Nancy is in current time. She is still old fashioned like she is in the books! People who haven't read more than 5 books are complaining about the view of Nancy. I have read all of them and I think Emma is perfect and that Nancy was perfect. I found parts of the movie spooky. I loved the exciting car chases and get aways. I loved the clues. I solved the mystery myself! It was really wonderful. I suggest you go see it since people who have been complaining know nothing of A what a good movie is and B about Nancy Drew. Go see it. It may not be Oscar worthy but its really a good movie.,"ठीक है यहां क्या मैं कहता हूं: < br/> < br/> फिल्म बेहतरीन थी. मैं एक बड़ी नैंसी प्रशंसक हूं और मैं सभी 1-56 मूल किताबें पढ़ी है और मैं पर चला गया और अधिक पढ़ें । अब मैं ९६ पर हूं । खलनायक इस फिल्म एक कम ग्रेड देने से यह चाहिए की खबरदार । सभी सुराग एक अद्भुत फिल्म के लिए बिंदु! मैं पूरी बात प्यार करता था । तो क्या नैंसी मौजूदा समय में है । वह अभी भी पुराने जमाने की तरह वह किताबों में है! जो लोग 5 से अधिक किताबें नहीं पढ़ नैंसी के देखने के बारे में शिकायत कर रहे हैं । मैं उन सभी को पढ़ा है और मुझे लगता है कि एम्मा परिपूर्ण है और नैंसी परिपूर्ण था । मैं फिल्म डरावना के कुछ हिस्सों पाया । मैं रोमांचक कार का पीछा प्यार करता था और दूर मिलता है । मैं सुराग प्यार करता था । मैं अपने आप को रहस्य हल! यह वास्तव में अद्भुत था । मैं सुझाव है कि आप इसे देखने के बाद से लोग हैं, जो शिकायत कर रहे है एक क्या एक अच्छी फिल्म के बारे में कुछ नहीं पता है और बी नैंसी आकर्षित के बारे में । जाओ इसे देखते हैं । यह ऑस्कर योग्य नहीं बल्कि इसकी वास्तव में एक अच्छी फिल्म हो सकती है.",7
"This is one of the first films I can remember, or maybe the first one. Exactly the beautiful kind of film than introduce a kid, sweetly, into the world of violence and addictions were we live. A little bit of Babe, Casino and Constantine, all this well mixed into a carton, and we get this. I don't know if its truly rated for kids, but I think it was very cool, very funny and interesting. I hate when a film (spescially a carton)can have a good end and its ruining because every character must have a happy end, even if it sounds weird (Im not a bitter person).But this was OK, he simply goes heaven and they let it in that way.<br /><br />All this is just a critic, Its a good movie an something new. very touching and I gotta go","यह पहली फिल्मों मैं याद कर सकते है में से एक है, या शायद पहले एक । बिल्कुल फिल्म की खूबसूरत तरह की तुलना में एक बच्चा परिचय, मिठाई, हिंसा और व्यसनों की दुनिया में हम रहते थे । बेबे, कैसीनो और Constantine का एक छोटा सा, यह सब अच्छी तरह से एक दफ़्ती में मिलाया, और हम इस मिलता है । मैं जानता हूं कि अगर अपनी सही मायने में बच्चों के लिए रेटेड नहीं है, लेकिन मुझे लगता है कि यह बहुत अच्छा था, बहुत मज़ेदार और दिलचस्प । मैं नफरत है जब एक फिल्म (दफ़्ती spescially) एक अच्छा अंत हो सकता है और उसके बर्बाद कर क्योंकि हर चरित्र एक खुश अंत होगा, भले ही यह अजीब लगता है (एक कड़वा व्यक्ति नहीं Im) । लेकिन यह ठीक था, वह बस स्वर्ग जाता है और वे उस रास्ते में चलते हैं । < br/> < br/> यह सब सिर्फ एक आलोचक है, इसकी एक अच्छी फिल्म एक कुछ नया. बहुत मार्मिक और मैं जाना होगा",7
"This film is worth seeing alone for Jared Harris' outstanding portrayal of John Lennon. It doesn't matter that Harris doesn't exactly resemble Lennon; his mannerisms, expressions, posture, accent and attitude are pure Lennon. Best scene: Lennon in a local cafe verbally sparring with a stuttering fan as to whether Paul McCartney & Wings' ""Silly Love Songs"" is worthy of #1 status in America.","इस फिल्म जॉन लेनन के जारेड ' हैरिस बकाया चित्रण के लिए अकेले देखने लायक है । यह बात नहीं है कि हैरिस बिल्कुल लेनन सदृश नहीं है; उनकी व्यवहार, भाव, आसन, उच्चारण और मनोवृत्ति शुद्ध लेनन हैं. सबसे अच्छा दृश्य: एक स्थानीय कैफे में लेनन मौखिक रूप से एक बड़बड़ा प्रशंसक के साथ बहस के रूप में क्या पॉल मेकार्टनी & पंख ' मूर्ख प्रेम गीत ""अमेरिका में #1 स्थिति के योग्य है ।",10
"I was 10 years old when this show was on TV. By far it was my favorite. The actors were very credible. Alexandra Bastedo was just gorgeous.... I just order the DVD (15 episodes). They didn't have super-powers. They just had superior human skills (strength, hearing, sight). The 3 actors were very good in their rolls, very believable. There was a good story in each episode. At the time, there were no special effects or explosions everywhere, so the script was suppose to be good, and the characters performs were great. There was no fancy stuff, like in other shows. They didn't try to make a joke every 2 minutes to make a light show. I highly recommend this TV show to anybody that like good stuff.","मैं 10 साल का था जब यह शो टीवी पर था । अब तक यह मेरा पसंदीदा था । अभिनेता बहुत विश्वसनीय थे । एलेक्जेंड्रा Bastedo बस बहुत सुन्दर थी.... मैं सिर्फ डीवीडी आदेश (15 एपिसोड) । वे सुपर शक्तियों नहीं था । वे सिर्फ बेहतर मानव कौशल था (शक्ति, श्रवण, दृष्टि) । 3 अभिनेताओं को उनके रोल में बहुत अच्छा था, बहुत ही विश्वसनीय । प्रत्येक एपिसोड में एक अच्छी कहानी थी । समय, वहां कोई विशेष प्रभाव या विस्फोट हर जगह थे, तो स्क्रिप्ट को अच्छा लगता था, और अक्षर प्रदर्शन महान थे । कोई फैंसी सामान था, जैसे अंय शो में । वे एक मजाक बनाने के लिए हर 2 मिनट के लिए एक प्रकाश शो बनाने की कोशिश नहीं की । मैं बहुत किसी को भी इस टीवी शो की सिफारिश है कि अच्छी चीजें पसंद है ।",10
"Here's another movie that should be loaded into a satellite, fired into space and pointed in the direction of the galaxy Andromeda to show distant possible civilizations the best of humanity. This movie is so endearingly stupid and revealingly honest in being little more than a rip-off of the already bad movie classic KING KONG from 1976 that it not only manages to upstage that film in terms of sheer belly laugh idiotic goofiness, but successfully predicted much of Peter Jackson's miserable 2005 computer cartoon bearing the same name, as far as a ""romance"" between the giant (here a Yeti) and a gorgeous human female (Antonellina Interlenghi of Umberto Lenzi's CITY OF THE LIVING DEAD, who is very easy on the eyes).<br /><br />The film was made for kids so aside from some innuendo over fish bones and a bizarre nipple tweak to say goodbye you can forget about sex -- the Yeti even has a sort of giant jock strap to cover up his monstrous package, the result being even more amusing than anatomical correctness. But as a trade-off you DO get a wacky old scientist, two inquisitive kids, Tony Kendall in a rare turn as a duplicitous bastard of a villain, a helpful intelligent collie dog who gets to have her own adventure (Dog Adventure movies were big in Europe for a while) and of course emerges as the hero at the end for saving the Yeti, who turns out to be the good guy, glorious stuff like front end loaders decorated to look like giant ape hands, a monster who's size literally changes scale from shot to shot, some inappropriately horrible deaths that will make the carnage in GODZILLA VS THE SMOG MONSTER look tame by comparison, crowd reaction shots a-plenty made up of either Spanish, Italian or Canadian extras depending upon scene (you can sort of tell where they were shooting from how the extras are dressed), and some of the most enthusiastically staged but inept special effects work ever in a giant monkey movie.<br /><br />It's here that the film won me over: It's enthusiasm just for being made. Frank Kramer is actually the same Gianfranco Parolini who brought the world SARTANA in 1968 and GOD'S GUN the year before this & was a very important director in the Spaghetti Western and action/adventure genre film scene from the 1960's/1970's and by the time of YETI he was probably delighted to get the work. I would say that this is his most adventuresome movie ever, or rather the one he took the most chances with, and may have felt more comfortable taking those chances with the film aimed at kids & families. The movie has a kind of reckless abandon to the way it was made that renders the technical errors or inconsistencies totally meaningless. Or rather they are part of the fun, and if the movie had been played seriously it wouldn't have worked -- WHICH IS EXACTLY WHY PETER JACKSON'S MOVIE SUCKED. <br /><br />He forgot to have fun with the material and let it dictate the outcome using his army of stupid Power Macintosh pod people animators, and with all it's faults + clunkiness, Kramer's YETI is actually closer to the spirit of why we watch movies like this, which is partly to see actors in ape suits tearing apart miniature sets on sound stages, not seamlessly animated vapid hours of nothing other than hard drive space. I'd rank this up there with KING KONG VERSUS GODZILLA and IT! CURSE OF THE GREAT GOLEM as one of the most enjoyably improbable giant rampaging monster movies ever. Because the movie looks so ""fake"" you can get over the story and just have fun watching stuff get wrecked, trampled, tossed about and smashed. Knowing that and armed with a fertile, energetic enthusiasm for having the chance to make the movie, Parolini pulled out all the stops and delivers a full bodied adventure that might get a bit rough for some of the small tykes but is the first movie I will ever share with the grandkids someday when their stupid parents leave them with me for a weekend. This is stuff for the ages and one of the most telling expressions of humanity to ever be committed to celluloid.<br /><br />10/10, it's about ten minutes too long but who cares, you only come around once and I'd rather go out with a smile on my face.","यहां एक और फिल्म है कि एक उपग्रह में लोड किया जाना चाहिए, अंतरिक्ष में निकाल दिया और आकाशगंगा एंड्रोमेडा की दिशा में कहा दूर संभव सभ्यताओं मानवता का सबसे अच्छा दिखाओ । यह फिल्म इतनी प्यारी बेवकूफी है और एक चीर से थोड़ा अधिक जा रहा है में ईमानदारी से पहले से ही बुरा फिल्म क्लासिक किंग कांग के बंद १९७६ से है कि यह न केवल करने के लिए प्रबंधन सरासर पेट के संदर्भ में है कि फिल्म मूर्ख goofiness हंसते, लेकिन सफलतापूर्वक भविष्यवाणी की पीटर जैक्सन के दुखी २००५ कंप्यूटर कार्टून एक ही नाम असर की बहुत, जहां तक एक विशाल के बीच ""रोमांस"" (यहां एक यति) और एक भव्य मानव महिला (रहने वाले मृत, जो आंखों पर बहुत आसान है की अंबर्टो Lenzi के शहर के Antonellina Interlenghi) । < br/> < br/ > फिल्म बच्चों के लिए बनाई गई थी तो एक तरफ मछली की हड्डियों पर कुछ इंयुएंदो से और एक विचित्र निप्पल tweak को अलविदा कहने के लिए आप सेक्स के बारे में भूल सकते हैं-यति भी अपने राक्षसी पैकेज को कवर करने के लिए विशाल जॉक पट्टा का एक प्रकार है, परिणाम भी संरचनात्मक सह से अधिक मनोरंजक जा रहा है rrectness । लेकिन एक व्यापार के रूप में आप एक निराला पुराने वैज्ञानिक, दो जिज्ञासु बच्चों, एक खलनायक के एक duplicitous के रूप में एक दुर्लभ बारी में टोनी केंडल, एक सहायक बुद्धिमान कोलियरी कुत्ते जो अपने साहसिक हो जाता है (कुत्ते साहसिक फिल्मों यूरोप में एक समय के लिए बड़े थे) और कूर के रूप में एसई के लिए अंत में नायक के रूप में उभर, जो बाहर बदल जाता है अच्छा लड़का है, सामने अंत विशाल बंदर हाथ, एक राक्षस है जो सचमुच शॉट से पैमाने पर परिवर्तन की तरह देखने के लिए सजाया की तरह शानदार सामान, शॉट के लिए, कुछ अनुपयुक्त भयानक मौतें कि डब्ल्यू बीमार GODZILLA में नरसंहार बनाम SMOG राक्षस तुलना द्वारा वश देखो, भीड़ प्रतिक्रिया शॉट्स एक-बहुत या तो स्पेनिश, इतालवी या कनाडा एक्स्ट्रा कलाकार दृश्य पर निर्भर करता है से बना (आप की तरह कर सकते है बताओ कि वे कैसे एक्स्ट्रा कलाकार तैयार कर रहे है से शूटिंग कर रहे थे), और सबसे उत्साहपूर्वक मंचन के कुछ लेकिन अयोग्य विशेष प्रभाव एक विशाल बंदर फिल्म में कभी काम करते हैं । < br/> < br/> यह यहां है कि इस फिल्म ने मुझे जीत पर: यह उत्साह सिर्फ बनाया जा रहा है के लिए है । फ्रैंक क्रेमर वास्तव में वही Gianfranco Parolini जो १९६८ में दुनिया सरताना लाये और भगवान की गन इस साल से पहले इस & स्पेगेटी पश्चिमी और लड़ाई/साहसिक शैली फिल्म दृश्य में एक बहुत ही महत्वपूर्ण निर्देशक था 1960 से/1970 है और यति के समय से वह शायद काम पाने के लिए खुश था । मैं कहूंगा कि यह उसकी सबसे adventuresome कभी फिल्म है, या बल्कि एक वह सबसे अधिक संभावना के साथ लिया, और अधिक आरामदायक महसूस किया हो सकता है बच्चों & परिवारों के उद्देश्य से फिल्म के साथ उन अवसरों को ले । फिल्म लापरवाह का एक प्रकार है जिस तरह से इसे बनाया गया था कि तकनीकी त्रुटियां या असंगतताओं पूरी तरह से अर्थहीन को छोड़ दिया है । या बल्कि वे मज़ा का हिस्सा हैं, और अगर फिल्म गंभीरता से खेला गया था यह काम नहीं होता-जो ठीक है क्यों पीटर जैक्सन की फिल्म चूसा । < br/> < br/> वह सामग्री के साथ मज़े करना भूल गया और यह बेवकूफ सत्ता Macintosh फली लोग चेतन की अपनी सेना का उपयोग कर परिणाम हुक्म, और सब के साथ यह गुनाह है + clunkiness, क्रेमर की यति असल में है की रूह के करीब क्यों हम इस तरह से मूवीज देखते हैं , जो आंशिक रूप से है बंदर सूट में अभिनेताओं को देखने के अलावा ध्वनि चरणों पर लघु सेट फाड़, नहीं निर्बाध एनिमेटेड हार्ड ड्राइव अंतरिक्ष के अलावा कुछ नहीं के नीरस घंटे । मैं इस पद GODZILLA बनाम राजा कांग के साथ था और यह! महान GOLEM के अभिशाप के रूप में सबसे शानदार असंभव विशाल rampaging राक्षस फिल्मों में से एक कभी । क्योंकि फिल्म तो लग रहा है ""नकली"" तुम कहानी पर प्राप्त कर सकते है और बस मजा देख सामान बर्बाद हो, रौंद, के बारे में फेंक दिया और तोड़ा । जानते हुए भी कि और फिल्म बनाने का मौका होने के लिए एक उपजाऊ, ऊर्जावान उत्साह के साथ सशस्त्र, Parolini सभी बंद हो जाता है खींच लिया और एक पूर्ण शरीर साहसिक कि छोटे tykes में से कुछ के लिए थोड़ा मोटा हो सकता है उद्धार लेकिन पहली फिल्म मैं कभी गु के साथ साझा करेंगे है ई पोते किसी दिन जब उनके बेवकूफ माता पिता उंहें मेरे साथ एक सप्ताहांत के लिए छोड़ दें । इस उंर के लिए सामान और मानवता के सबसे कह अभिव्यक्तियों में से एक को कभी सेल्यूलाइड के लिए प्रतिबद्ध है । < br/> < br/> 10/10, इसके बारे में दस मिनट भी लंबा है, लेकिन जो परवाह करता है, तो आप केवल एक बार के आसपास आते है और मैं नहीं बल्कि मेरे चेहरे पर एक मुस्कान के साथ बाहर जाना चाहते हैं ।",10
"To all the reviewers on this page, I would have to say this movie is worth seeing. So It was made in 1972, so what. The fashion in the movie was exactly the same fashion of its time. People who didn't study culture of the decades would think that this movie is a cheese ball. Compared to the modern series, `Left Behind,' (Which is made for our time right now) it does look cheezy. However, the only cheezy part of the movie is the fashion, which again was over 30 years in the past. BUT. The message that is sent in this film is very powerful, and carefully preserved. There is just so much to say, but I refuse to say it. (for fear of spoiling it) So go out and see this film! If you don't like the message that it sends, then you have issues, that need some attention!","इस पृष्ठ पर सभी समीक्षकों के लिए, मैं कहना चाहूंगा इस फिल्म देखने लायक है । तो यह १९७२ में बनाया गया था, तो क्या । फिल्म में फैशन बिल्कुल अपने समय का एक ही फैशन था. जो लोग दशकों की संस्कृति का अध्ययन नहीं किया लगता है कि यह फिल्म एक पनीर गेंद है । आधुनिक श्रृंखला की तुलना में, ' पीछे छोड़ दिया, ' (जो हमारे समय के लिए अभी बनाया है) यह cheezy लग रहा है । हालांकि, फिल्म का एकमात्र cheezy हिस्सा फैशन है, जो फिर से बीते 30 साल से अधिक का था । लेकिन. इस फिल्म में भेजा गया संदेश बहुत शक्तिशाली है, और ध्यान से संरक्षित है । वहां सिर्फ इतना कहना है, लेकिन मैं यह कहने से मना कर दिया । (इसे खराब करने के डर से) तो बाहर जाकर देखें यह फिल्म! यदि आप संदेश है कि यह भेजता है पसंद नहीं है, तो आप मुद्दों है, कि कुछ ध्यान देने की जरूरत है!",10
"A favourite of mine,this movie tells of two feuding New York ""characters"", Steve Brodie(Raft) and ""Chuck"" Connors(Beery),who both strive to be the ""Main Guy"" in the Bowery in the late Nineteenth Century.<br /><br />Brodie(1863-1901) and Connors(1852-1913),were real people,though this is a heavily fictionalized account of their antics(based on a play).Brodie's legendary(did he do it?- it's still a cause of argument!),jump from the Brooklyn bridge(1886),for which he became famous,is shown here as happening around the same time as the Spanish-American war(1898).Director Walsh clearly had a great affection for the period,so beautifully recreated here,and it includes a wild rumbustious ragtime number from saloon singer Trixie Odbray(a young Pert Kelton).Raft is at his slickest as Brodie,and Beery shows again what a clever actor he was,as tough, big hearted, and at times quite touching Connors.Pretty Fay Wray is the love interest both the boys are pursuing.<br /><br />Full of life and energy,""The Bowery"" moves at a fast pace(unlike many early ""talkies"").It is not an easy movie to find,but is well worth looking out for.","मेरा एक पसंदीदा, इस फिल्म के दो झगड़े ंयूयॉर्क ""अक्षर"", स्टीव ब्रॉडी (बेड़ा) और ""चक"" आनाकानी (बियर) के बताता है, जो दोनों ही Bowery में उन्नीसवीं शताब्दी के उत्तरार्ध में ' मुख्य गाइ ' होने का प्रयास करते हैं. < br/> < br/> ब्रॉडी (1863-1901) और कॉन (1852-1913), थे असली लोगों को, हालांकि यह उनकी हरकतों का एक भारी fictionalized खाता है (एक नाटक के आधार पर) । है ब्रॉडी पौराणिक (क्या वह यह करते हैं?-यह अभी भी तर्क का एक कारण है!), ब्रुकलिन ब्रिज (1886) से कूद, जिसके लिए वह प्रसिद्ध हो गया, यहां के रूप में स्पेनिश अमेरिकी युद्ध (1898) के रूप में एक ही समय के आसपास होने के रूप में दिखाया गया है । निर्देशक वाल्श स्पष्ट रूप से इस अवधि के लिए एक बड़ा स्नेह था, तो खूबसूरती से यहां recreateed, और यह सैलून गायक Trixie Odbray (एक युवा Pert Kelton) से एक जंगली rumbustious ताल संख्या भी शामिल है । बेड़ा ब्रॉडी के रूप में अपने सबसे चालाक पर है, और बियर फिर से पता चलता है जो एक चतुर अभिनेता वह था, के रूप में कठिन, बड़े दिल, और कई बार काफी छू आनाकानी करता है । सुंदर फे Wray प्रेम हित है दोनों लड़के पीछा कर रहे हैं । < br/> < br/> जीवन और ऊर्जा से पूर्ण, ""the Bowery"" चाल में एक तेज गति (कई जल्दी ""टॉकीज"" के विपरीत) । यह एक आसान फिल्म खोजने के लिए नहीं है, लेकिन अच्छी तरह से लायक के लिए बाहर देख रहा है ।",9
